{"accuracy": 0.2810126543045044, "accuracy_per_class": [0.0, 0.02469135820865631, 0.0, 0.0, 1.0, 0.0, 0.0, 0.0416666679084301, 0.0, 0.04907975345849991, 0.0, 0.0, 0.0, 0.0, 0.3571428656578064, 0.0, 0.0, 0.0, 0.0, 0.0]}