{"accuracy": 0.3151898682117462, "accuracy_per_class": [0.23255814611911774, 0.3086419701576233, 0.0, 0.0, 0.9950000047683716, 0.0, 0.0, 0.0833333358168602, 0.0, 0.0061349691823124886, 0.0, 0.1764705926179886, 0.0, 0.0, 0.0, 0.0, 0.0, 0.0, 0.0, 0.3333333432674408]}